"dose","risk","name","value"
0.225803780668068,2.25801231319434e-05,"C1",0.970912580519568
0.225803780668068,2.25801231319434e-05,"C2",0.267058062232168
1.20364328317321,0.000120357084822165,"C1",3.47976844115315
1.20364328317321,0.000120357084822165,"C2",0.809440483897204
0.00394856565749091,3.94856487839768e-07,"C1",0.0177962549960912
0.00394856565749091,3.94856487839768e-07,"C2",0.00480143129303975
0.199048693436845,1.99046712431317e-05,"C1",0.990290007512165
0.199048693436845,1.99046712431317e-05,"C2",0.197943210781332
0.169157819270174,1.69156388559744e-05,"C1",0.475694678111253
0.169157819270174,1.69156388559744e-05,"C2",0.122901162114904
0.334650759690746,3.346451601971e-05,"C1",1.6333109357126
0.334650759690746,3.346451601971e-05,"C2",0.351086160398921
13.8902665959094,0.00138806240856892,"C1",55.4057205096715
13.8902665959094,0.00138806240856892,"C2",9.96924111596585
0.0356591936540289,3.56591300754161e-06,"C1",0.116830315560427
0.0356591936540289,3.56591300754161e-06,"C2",0.0322373513207891
0.0503822893765309,5.03821624575629e-06,"C1",0.151944298636152
0.0503822893765309,5.03821624575629e-06,"C2",0.0403754765618045
0.0773803777874812,7.73800784026335e-06,"C1",0.488124399307301
0.0773803777874812,7.73800784026335e-06,"C2",0.103055618769849
0.115584360494714,1.15583692510413e-05,"C1",0.480271226272781
0.115584360494714,1.15583692510413e-05,"C2",0.106165010931759
2.61517908554915,0.000261483715727429,"C1",11.562234457628
2.61517908554915,0.000261483715727429,"C2",3.02126485730686
0.065238249715447,6.52380369148275e-06,"C1",0.185928182044694
0.065238249715447,6.52380369148275e-06,"C2",0.0436189039204978
8.83472279593777,0.000883082132862478,"C1",31.2821934238147
8.83472279593777,0.000883082132862478,"C2",7.84529107929702
0.0096846692255093,9.68466453588057e-07,"C1",0.0500104752342216
0.0096846692255093,9.68466453588057e-07,"C2",0.013352534705685
1.31573582126079,0.000131564926701966,"C1",3.94501525148458
1.31573582126079,0.000131564926701966,"C2",1.08420594893865
0.00447417626216905,4.47417526139304e-07,"C1",0.0165250853217618
0.00447417626216905,4.47417526139304e-07,"C2",0.00316154467712971
0.0688017250550414,6.88014883720722e-06,"C1",0.193643479489485
0.0688017250550414,6.88014883720722e-06,"C2",0.0528821839539316
0.10155431060331,1.01553794941145e-05,"C1",0.312229167057444
0.10155431060331,1.01553794941145e-05,"C2",0.0726126822822503
0.00218997313136678,2.18997289191947e-07,"C1",0.00977954621570632
0.00218997313136678,2.18997289191947e-07,"C2",0.00234509013039054
0.0929319425185151,9.29315107023321e-06,"C1",0.33171666708468
0.0929319425185151,9.29315107023321e-06,"C2",0.089816010756045
0.103136914542341,1.03136382683111e-05,"C1",0.330137555540382
0.103136914542341,1.03136382683111e-05,"C2",0.0762987269442453
0.111292794937946,1.11292175636324e-05,"C1",0.320886600690834
0.111292794937946,1.11292175636324e-05,"C2",0.0773012067384932
0.189092795528866,1.89091007736231e-05,"C1",0.551647840799569
0.189092795528866,1.89091007736231e-05,"C2",0.144056241400687
0.160514416455036,1.60513128217854e-05,"C1",0.672508525588948
0.160514416455036,1.60513128217854e-05,"C2",0.165604816129965
0.863498894538817,8.63461614094563e-05,"C1",3.5528443643266
0.863498894538817,8.63461614094563e-05,"C2",0.882665652704152
0.482307053499837,4.82295422682411e-05,"C1",1.82533428448469
0.482307053499837,4.82295422682411e-05,"C2",0.480587687017932
3.95057906174191,0.000394979881074731,"C1",20.1508534227115
3.95057906174191,0.000394979881074731,"C2",5.39811661880237
211.855750905494,0.0209627372183738,"C1",976.074078005747
211.855750905494,0.0209627372183738,"C2",249.881377806247
0.0155565704597232,1.55565583592754e-06,"C1",0.0443235578615933
0.0155565704597232,1.55565583592754e-06,"C2",0.0110395105318307
0.0607764376954998,6.07762530069333e-06,"C1",0.202973975777734
0.0607764376954998,6.07762530069333e-06,"C2",0.0456078445776858
0.190733299820077,1.90731480872453e-05,"C1",0.737807328760274
0.190733299820077,1.90731480872453e-05,"C2",0.197144725754871
0.0284845470081909,2.84845064402184e-06,"C1",0.0823319711738456
0.0284845470081909,2.84845064402184e-06,"C2",0.0212810307307715
2.22844851199103,0.000222820023129566,"C1",6.90124638401005
2.22844851199103,0.000222820023129566,"C2",1.51034729323897
7.20276288415735,0.000720016951718305,"C1",22.895413958157
7.20276288415735,0.000720016951718305,"C2",5.9282415548711
2.4868055219273,0.000248649633747156,"C1",7.29305768533704
2.4868055219273,0.000248649633747156,"C2",1.73513035206263
0.476203549026487,4.76192210715487e-05,"C1",2.07400001023143
0.476203549026487,4.76192210715487e-05,"C2",0.460187410887569
0.92983991012843,9.29796681354844e-05,"C1",2.47202661457281
0.92983991012843,9.29796681354844e-05,"C2",0.651078365365054
0.0351268281354745,3.51267664411292e-06,"C1",0.126448743006306
0.0351268281354745,3.51267664411292e-06,"C2",0.0252271026497328
0.0124236189122957,1.24236111953557e-06,"C1",0.0345956194999285
0.0124236189122957,1.24236111953557e-06,"C2",0.00953225946308957
0.00640525831016591,6.40525625872357e-07,"C1",0.02030794940183
0.00640525831016591,6.40525625872357e-07,"C2",0.00409510486577376
0.179137578123047,1.79135973619182e-05,"C1",0.631212476192536
0.179137578123047,1.79135973619182e-05,"C2",0.142795482619261
0.00362284770061958,3.62284704458204e-07,"C1",0.0120978803314818
0.00362284770061958,3.62284704458204e-07,"C2",0.00277658290206845
0.00305232027851715,3.05231981245768e-07,"C1",0.0158428676139414
0.00305232027851715,3.05231981245768e-07,"C2",0.00325910697195037
0.00642002419531683,6.42002213502302e-07,"C1",0.0290126519621003
0.00642002419531683,6.42002213502302e-07,"C2",0.00747640792018526
0.00600359735970467,6.00359555735785e-07,"C1",0.0300622381744065
0.00600359735970467,6.00359555735785e-07,"C2",0.00813636174677985
0.0107870765025193,1.07870706844704e-06,"C1",0.0317195554133771
0.0107870765025193,1.07870706844704e-06,"C2",0.00817209158490173
4.77843835627885,0.000477729686444772,"C1",26.1569181988192
4.77843835627885,0.000477729686444772,"C2",6.7475103528857
0.0304323719158074,3.04323256095085e-06,"C1",0.0805763513753043
0.0304323719158074,3.04323256095085e-06,"C2",0.0214884165899131
0.00321416802852531,3.21416751214443e-07,"C1",0.0158056717909977
0.00321416802852531,3.21416751214443e-07,"C2",0.00251750744496151
0.135102204984379,1.35101292357831e-05,"C1",0.516877745729473
0.135102204984379,1.35101292357831e-05,"C2",0.131114019193937
0.165932521661528,1.6593114498864e-05,"C1",0.527530205394148
0.165932521661528,1.6593114498864e-05,"C2",0.128679233762668
0.059766218924747,5.97660403245381e-06,"C1",0.237142853122128
0.059766218924747,5.97660403245381e-06,"C2",0.0572217672055838
0.209931373409172,2.09929169865397e-05,"C1",0.985749921261787
0.209931373409172,2.09929169865397e-05,"C2",0.250616445928183
1.52947524233182,0.000152935828356848,"C1",4.7055324975734
1.52947524233182,0.000152935828356848,"C2",1.20982682953801
0.214759200480772,2.14756894421075e-05,"C1",0.751262510787322
0.214759200480772,2.14756894421075e-05,"C2",0.200456617100779
0.0900590262430065,9.0058620713096e-06,"C1",0.282245310313763
0.0900590262430065,9.0058620713096e-06,"C2",0.0777546609702841
0.181308432588973,1.81306788961111e-05,"C1",0.546214153713842
0.181308432588973,1.81306788961111e-05,"C2",0.143511407295487
7.33929002130298,0.00073365974211681,"C1",20.9353346856599
7.33929002130298,0.00073365974211681,"C2",5.66238295513145
0.0579837200483016,5.7983551943197e-06,"C1",0.254837388835128
0.0579837200483016,5.7983551943197e-06,"C2",0.0673700753797706
0.0184242325540076,1.84242155809589e-06,"C1",0.0580951938397698
0.0184242325540076,1.84242155809589e-06,"C2",0.0154654999138499
0.144468599484709,1.44467555931449e-05,"C1",0.486727796648161
0.144468599484709,1.44467555931449e-05,"C2",0.124184782811078
0.0261956729032455,2.61956385927409e-06,"C1",0.137047591589953
0.0261956729032455,2.61956385927409e-06,"C2",0.0362267950435278
0.169407628772216,1.69406193832877e-05,"C1",0.619231917705288
0.169407628772216,1.69406193832877e-05,"C2",0.165727671189781
1.51878826224115,0.000151867293219032,"C1",6.55568350281078
1.51878826224115,0.000151867293219032,"C2",1.6463692554214
0.393394345436411,3.93386607582258e-05,"C1",2.10773636780833
0.393394345436411,3.93386607582258e-05,"C2",0.41672872161051
0.329452532497976,3.29447105609226e-05,"C1",1.52152690578164
0.329452532497976,3.29447105609226e-05,"C2",0.41708915572768
0.0119084916860105,1.19084845950912e-06,"C1",0.0352074493594102
0.0119084916860105,1.19084845950912e-06,"C2",0.00803650933346275
0.00931393171058888,9.31392737268943e-07,"C1",0.0330738986194958
0.00931393171058888,9.31392737268943e-07,"C2",0.00864499259713851
0.00809752133011764,8.09751805164183e-07,"C1",0.0406826390658407
0.00809752133011764,8.09751805164183e-07,"C2",0.00766804262895877
149.750651520069,0.0148634964742196,"C1",847.590281110348
149.750651520069,0.0148634964742196,"C2",168.904817584052
0.1205681131866,1.20567386355797e-05,"C1",0.335611171122242
0.1205681131866,1.20567386355797e-05,"C2",0.0914983613796965
1.47621453579466,0.000147610558068778,"C1",5.13641084207408
1.47621453579466,0.000147610558068778,"C2",1.35194240311731
0.307473850261603,3.07469123301818e-05,"C1",0.965230956588065
0.307473850261603,3.07469123301818e-05,"C2",0.265714531167207
0.0764064206761096,7.64061287794604e-06,"C1",0.243126955863979
0.0764064206761096,7.64061287794604e-06,"C2",0.0398700840919379
2.83017298793336,0.000282977253175609,"C1",10.0301770295911
2.83017298793336,0.000282977253175609,"C2",2.24231343329287
6.20935925350085,0.000620743184533645,"C1",21.8231009479403
6.20935925350085,0.000620743184533645,"C2",5.45619934398029
0.00303403075949821,3.03403029922045e-07,"C1",0.0105988258229688
0.00303403075949821,3.03403029922045e-07,"C2",0.00274663193630134
16.8163284724125,0.00168021969497023,"C1",47.6366310241752
16.8163284724125,0.00168021969497023,"C2",12.4376073795663
0.0449715782645828,4.49714771422194e-06,"C1",0.193663626218174
0.0449715782645828,4.49714771422194e-06,"C2",0.0520545403740004
0.458909763674718,4.58899233927168e-05,"C1",2.27583022898631
0.458909763674718,4.58899233927168e-05,"C2",0.616246652595333
0.107060361765966,1.07059788672093e-05,"C1",0.555352340423063
0.107060361765966,1.07059788672093e-05,"C2",0.130698234122198
91.6139451107098,0.0091195567977912,"C1",348.090943473428
91.6139451107098,0.0091195567977912,"C2",95.6093551818736
0.490887375527473,4.9087532720371e-05,"C1",2.21530402107399
0.490887375527473,4.9087532720371e-05,"C2",0.588094555173907
6.77104900336575,0.000676875716543623,"C1",21.9142859369155
6.77104900336575,0.000676875716543623,"C2",5.31737238978769
0.0441310326872614,4.41309353105268e-06,"C1",0.129534181765155
0.0441310326872614,4.41309353105268e-06,"C2",0.035048797118354
13.6914551378254,0.00136820866167464,"C1",51.2095065897847
13.6914551378254,0.00136820866167464,"C2",10.7934169403451
0.139691856045293,1.39690880358589e-05,"C1",0.554514096239961
0.139691856045293,1.39690880358589e-05,"C2",0.127209166721551
5.85825430384289,0.000585653868170333,"C1",24.6890962460359
5.85825430384289,0.000585653868170333,"C2",6.78398251664796
3.25449093249589,0.000325396140438028,"C1",12.6356676793035
3.25449093249589,0.000325396140438028,"C2",2.80718633272156
0.0839809676238761,8.39806149843803e-06,"C1",0.444842066049322
0.0839809676238761,8.39806149843803e-06,"C2",0.121535525161678
0.49965492910681,4.99642446561976e-05,"C1",2.14951687619127
0.49965492910681,4.99642446561976e-05,"C2",0.557143034963759
0.480308605599528,4.80297070966085e-05,"C1",1.55967117784253
0.480308605599528,4.80297070966085e-05,"C2",0.369765018290554
0.132654734744988,1.32653854885145e-05,"C1",0.601723105465234
0.132654734744988,1.32653854885145e-05,"C2",0.152311194377649
0.123149495305832,1.23148737019019e-05,"C1",0.541389349446632
0.123149495305832,1.23148737019019e-05,"C2",0.120664277495453
0.141686567733767,1.41685563984639e-05,"C1",0.527441644579207
0.141686567733767,1.41685563984639e-05,"C2",0.12917493973244
5.08892909799207,0.000508763445764449,"C1",16.1868581753222
5.08892909799207,0.000508763445764449,"C2",3.9299825194443
0.071959674695394,7.19594157860826e-06,"C1",0.217270686095781
0.071959674695394,7.19594157860826e-06,"C2",0.0564619041120282
0.0169809040941391,1.69808896766099e-06,"C1",0.0521706525467454
0.0169809040941391,1.69808896766099e-06,"C2",0.0141660054931046
1.3807522337951,0.000138065691434597,"C1",7.7134828902184
1.3807522337951,0.000138065691434597,"C2",2.05917636877687
0.318232356682492,3.18227293144568e-05,"C1",1.1047229183588
0.318232356682492,3.18227293144568e-05,"C2",0.184634608762251
0.0441746956422536,4.41745980717112e-06,"C1",0.15011659704514
0.0441746956422536,4.41745980717112e-06,"C2",0.040451804292391
1.6750330992976,0.000167489282033584,"C1",4.72791931538604
1.6750330992976,0.000167489282033584,"C2",1.25055348759745
0.0384605463887609,3.8460472427948e-06,"C1",0.247604768347579
0.0384605463887609,3.8460472427948e-06,"C2",0.0503168145341587
0.0900997143226911,9.00993084262947e-06,"C1",0.303223849238913
0.0900997143226911,9.00993084262947e-06,"C2",0.0736307742490192
0.0599986804803387,5.99985004889891e-06,"C1",0.341601739054333
0.0599986804803387,5.99985004889891e-06,"C2",0.0766769998711791
0.0246596675223512,2.46596371178409e-06,"C1",0.0829062614105648
0.0246596675223512,2.46596371178409e-06,"C2",0.0195503693547494
0.0197366213530864,1.97366018761524e-06,"C1",0.0640212721541914
0.0197366213530864,1.97366018761524e-06,"C2",0.0116095948325591
1.50665711615629,0.000150654362107261,"C1",5.5094726711463
1.50665711615629,0.000150654362107261,"C2",0.944505861061355
0.0142724660468592,1.42724558616081e-06,"C1",0.0444738347990518
0.0142724660468592,1.42724558616081e-06,"C2",0.0099561025605046
0.251834946383217,2.51831775367473e-05,"C1",0.985418368302387
0.251834946383217,2.51831775367473e-05,"C2",0.202488820579596
0.280488997632858,2.80485063965941e-05,"C1",1.12643021065841
0.280488997632858,2.80485063965941e-05,"C2",0.309762755959942
0.0163952093618076,1.63951959220032e-06,"C1",0.0883455915424437
0.0163952093618076,1.63951959220032e-06,"C2",0.0210765318603405
0.0128335520551378,1.28335438198679e-06,"C1",0.0430855586740392
0.0128335520551378,1.28335438198679e-06,"C2",0.0117917879227949
0.486817392130518,4.86805542764257e-05,"C1",1.36018904516117
0.486817392130518,4.86805542764257e-05,"C2",0.356975233405852
0.00382082115405973,3.82082042449383e-07,"C1",0.0113767476217648
0.00382082115405973,3.82082042449383e-07,"C2",0.00303215475034905
14.7981393548707,0.00147871955074041,"C1",56.7264383128189
14.7981393548707,0.00147871955074041,"C2",14.307526362139
0.360394217732646,3.60387723611355e-05,"C1",0.969492721293518
0.360394217732646,3.60387723611355e-05,"C2",0.263758523335357
0.0254098509759922,2.54098186924789e-06,"C1",0.0841575740576241
0.0254098509759922,2.54098186924789e-06,"C2",0.0176721996129428
0.563535983709618,5.63520105367754e-05,"C1",2.55756447480803
0.563535983709618,5.63520105367754e-05,"C2",0.678947488285487
0.0416925323907829,4.16924454771372e-06,"C1",0.143463507174085
0.0416925323907829,4.16924454771372e-06,"C2",0.0360604724178904
0.040522854845571,4.0522772740692e-06,"C1",0.163611041683277
0.040522854845571,4.0522772740692e-06,"C2",0.0442544097535216
0.167252489433779,1.67251090771314e-05,"C1",0.769051421794287
0.167252489433779,1.67251090771314e-05,"C2",0.182931846998418
2.68632194134438,0.000268596115737263,"C1",9.03902555449529
2.68632194134438,0.000268596115737263,"C2",2.48621823785565
9.71372710180286,0.000970901080431075,"C1",30.1434752724736
9.71372710180286,0.000970901080431075,"C2",8.18652003271584
0.95107846612387,9.51033240045307e-05,"C1",5.39208960292929
0.95107846612387,9.51033240045307e-05,"C2",1.45290175348446
0.118230651595744,1.18229952673632e-05,"C1",0.456938337023986
0.118230651595744,1.18229952673632e-05,"C2",0.12444495045968
0.00865412130329121,8.65411755812673e-07,"C1",0.0330185798008305
0.00865412130329121,8.65411755812673e-07,"C2",0.00860776391914417
0.00709017328089105,7.09017076716556e-07,"C1",0.0192143344812169
0.00709017328089105,7.09017076716556e-07,"C2",0.0051969760946267
0.0406112274215337,4.06111449580138e-06,"C1",0.193568581027126
0.0406112274215337,4.06111449580138e-06,"C2",0.0467193770788644
0.0799348044188128,7.99344849411465e-06,"C1",0.326127943875368
0.0799348044188128,7.99344849411465e-06,"C2",0.0899596831343982
0.26258077238129,2.62577324978697e-05,"C1",0.929158668070163
0.26258077238129,2.62577324978697e-05,"C2",0.255730259840692
6.45682648074391,0.00064547423989092,"C1",17.6321980279675
6.45682648074391,0.00064547423989092,"C2",4.74075282189605
0.428886420330334,4.28877223284108e-05,"C1",1.5225088502177
0.428886420330334,4.28877223284108e-05,"C2",0.357568699478617
2.59591622378611,0.000259557931388765,"C1",11.264625021544
2.59591622378611,0.000259557931388765,"C2",3.05205509620542
1.21746599172779,0.00012173918835634,"C1",3.74242181268053
1.21746599172779,0.00012173918835634,"C2",1.02066429566976
0.00487244910390726,4.87244791735897e-07,"C1",0.0173877638264808
0.00487244910390726,4.87244791735897e-07,"C2",0.00429567645076204
0.00329566793385473,3.29566739121212e-07,"C1",0.0163458297655768
0.00329566793385473,3.29566739121212e-07,"C2",0.00447567687402904
0.451895068939486,4.51884858635454e-05,"C1",1.53886861006423
0.451895068939486,4.51884858635454e-05,"C2",0.400572463048088
9.15600339858169,0.000915181305765955,"C1",27.1270646842465
9.15600339858169,0.000915181305765955,"C2",6.62458652052491
0.081092416331481,8.10920875338184e-06,"C1",0.367113782483436
0.081092416331481,8.10920875338184e-06,"C2",0.0983695475741843
0.0336946115342466,3.36945547674272e-06,"C1",0.13351805738073
0.0336946115342466,3.36945547674272e-06,"C2",0.0354486855858931
0.030884140829392,3.08840931384502e-06,"C1",0.0950933726389937
0.030884140829392,3.08840931384502e-06,"C2",0.0253875632984766
0.0119512537306938,1.1951246589037e-06,"C1",0.0423797260465857
0.0119512537306938,1.1951246589037e-06,"C2",0.0113164266019822
0.507224895870445,5.07212032233584e-05,"C1",1.57804913764558
0.507224895870445,5.07212032233584e-05,"C2",0.375876684280114
1.25273094710953,0.000125265248364426,"C1",3.83107300862108
1.25273094710953,0.000125265248364426,"C2",0.870825712545255
0.321760853816397,3.21755677369362e-05,"C1",0.920791275235524
0.321760853816397,3.21755677369362e-05,"C2",0.239276165093619
0.0112472468672968,1.12472405422448e-06,"C1",0.0598959946939424
0.0112472468672968,1.12472405422448e-06,"C2",0.0153125256252385
0.109925374272751,1.09924770095304e-05,"C1",0.632411150694827
0.109925374272751,1.09924770095304e-05,"C2",0.116301676993673
3.67128146503945,0.000367060763212357,"C1",10.0075137723778
3.67128146503945,0.000367060763212357,"C2",2.74219626179694
0.199256366190617,1.99254381049174e-05,"C1",0.94474628194249
0.199256366190617,1.99254381049174e-05,"C2",0.235442198106095
0.00780891193140432,7.8089088828559e-07,"C1",0.0268529286033037
0.00780891193140432,7.8089088828559e-07,"C2",0.00596985685367314
0.154049972422086,1.54048785858674e-05,"C1",0.471003811564525
0.154049972422086,1.54048785858674e-05,"C2",0.127440773685657
0.174973927690171,1.74972396905781e-05,"C1",0.787848846952878
0.174973927690171,1.74972396905781e-05,"C2",0.197798461188345
0.131120706355846,1.31119846727978e-05,"C1",0.414261488092074
0.131120706355846,1.31119846727978e-05,"C2",0.104744089494575
0.0158040774353634,1.58040649467228e-06,"C1",0.0680767632757469
0.0158040774353634,1.58040649467228e-06,"C2",0.0170763721361759
0.0126930846993176,1.26930766430888e-06,"C1",0.0436237597836873
0.0126930846993176,1.26930766430888e-06,"C2",0.00754528211761168
3.12693691283773,0.000312644807706763,"C1",10.3738463147227
3.12693691283773,0.000312644807706763,"C2",2.2365911311556
0.0138350703606021,1.38350607903348e-06,"C1",0.0689581428798678
0.0138350703606021,1.38350607903348e-06,"C2",0.0170906177826066
0.112169004158098,1.12168375066002e-05,"C1",0.419905571873485
0.112169004158098,1.12168375066002e-05,"C2",0.106323559562926
0.0485389672351732,4.8538849434232e-06,"C1",0.143560169898131
0.0485389672351732,4.8538849434232e-06,"C2",0.0392977385981144
0.372674419839874,3.72667475615485e-05,"C1",1.70426647722866
0.372674419839874,3.72667475615485e-05,"C2",0.465347175562747
0.0104467977640852,1.0446792306773e-06,"C1",0.0523444212745377
0.0104467977640852,1.0446792306773e-06,"C2",0.0132160158294556
0.291581716041679,2.91577465088011e-05,"C1",0.955572148852268
0.291581716041679,2.91577465088011e-05,"C2",0.154131034672884
0.0245511375584892,2.45511074203897e-06,"C1",0.101798303749401
0.0245511375584892,2.45511074203897e-06,"C2",0.0232857434049053
0.00803865375543195,8.03865052412256e-07,"C1",0.0286302288255586
0.00803865375543195,8.03865052412256e-07,"C2",0.00673277789649217
0.232223015141169,2.32220318785448e-05,"C1",1.33144516276091
0.232223015141169,2.32220318785448e-05,"C2",0.339353214087674
0.092092856005758,9.20924319525174e-06,"C1",0.397636500039655
0.092092856005758,9.20924319525174e-06,"C2",0.100806349082612
0.0902761877756716,9.02757802878629e-06,"C1",0.411277208931362
0.0902761877756716,9.02757802878629e-06,"C2",0.085104451555393
0.450244954120109,4.50234818246686e-05,"C1",1.447559733917
0.450244954120109,4.50234818246686e-05,"C2",0.348462722960604
0.00270296170426784,2.70296133919601e-07,"C1",0.0141283110118918
0.00270296170426784,2.70296133919601e-07,"C2",0.00258623861060812
0.0134059884089373,1.34059794232311e-06,"C1",0.0442259102138031
0.0134059884089373,1.34059794232311e-06,"C2",0.0120499654178265
0.0379579185682598,3.79578465281583e-06,"C1",0.102938962554814
0.0379579185682598,3.79578465281583e-06,"C2",0.0280774509185133
6.77130059766255,0.00067690085894323,"C1",24.4902296525225
6.77130059766255,0.00067690085894323,"C2",6.59852048846777
0.552343160821442,5.52327906954142e-05,"C1",1.81254503035792
0.552343160821442,5.52327906954142e-05,"C2",0.44917302086077
0.00364954350124712,3.64954283571528e-07,"C1",0.0145709310934971
0.00364954350124712,3.64954283571528e-07,"C2",0.00377791261947479
0.0714769235009223,7.14766680542933e-06,"C1",0.415712138646865
0.0714769235009223,7.14766680542933e-06,"C2",0.0995456256849673
0.0206090960361294,2.06090747989496e-06,"C1",0.0621061772882523
0.0206090960361294,2.06090747989496e-06,"C2",0.0151381192141791
0.0325646368423002,3.25645838195054e-06,"C1",0.108876388854043
0.0325646368423002,3.25645838195054e-06,"C2",0.0272004894550494
0.0245790786023177,2.45790483954789e-06,"C1",0.127576638761171
0.0245790786023177,2.45790483954789e-06,"C2",0.0343068472795077
0.00439850107582898,4.39850010858223e-07,"C1",0.0211374682898638
0.00439850107582898,4.39850010858223e-07,"C2",0.00445489331143376
0.717084711068156,7.17059001158482e-05,"C1",2.42769962662056
0.717084711068156,7.17059001158482e-05,"C2",0.513942638141836
0.964284361877771,9.64237871156071e-05,"C1",4.02378513433408
0.964284361877771,9.64237871156071e-05,"C2",0.968339494562872
0.0107476682688452,1.07476624933156e-06,"C1",0.05879130648865
0.0107476682688452,1.07476624933156e-06,"C2",0.0158453138745191
0.24678781843691,2.4678477325013e-05,"C1",0.921963836684929
0.24678781843691,2.4678477325013e-05,"C2",0.254422815366643
0.012608960427588,1.26089524787876e-06,"C1",0.0533834644560566
0.012608960427588,1.26089524787876e-06,"C2",0.0126140899667064
0.0803563913877878,8.03560685314064e-06,"C1",0.346044905421131
0.0803563913877878,8.03560685314064e-06,"C2",0.0932665811440234
0.0516681332003767,5.16679997208946e-06,"C1",0.175853501474446
0.0516681332003767,5.16679997208946e-06,"C2",0.0478074023012674
5.12912639775341,0.000512781122573913,"C1",28.5593108870324
5.12912639775341,0.000512781122573913,"C2",7.68999195683907
1.09825228229146,0.000109819197659511,"C1",3.50625658172167
1.09825228229146,0.000109819197659511,"C2",0.947373189495523
0.591309730493795,5.91292248478537e-05,"C1",3.24661254718243
0.591309730493795,5.91292248478537e-05,"C2",0.527890793545911
0.027674031635533,2.76739933424697e-06,"C1",0.118216636394352
0.027674031635533,2.76739933424697e-06,"C2",0.0317503610165462
0.334141744838471,3.34136162365439e-05,"C1",1.22384441792246
0.334141744838471,3.34136162365439e-05,"C2",0.317953425036497
0.261270656913821,2.61267243826246e-05,"C1",0.770668479449913
0.261270656913821,2.61267243826246e-05,"C2",0.211107344988709
0.863607336441753,8.63570046634177e-05,"C1",2.32025245930651
0.863607336441753,8.63570046634177e-05,"C2",0.638738558176588
1.02659828794986,0.000102654559455129,"C1",3.03707110616645
1.02659828794986,0.000102654559455129,"C2",0.803018824794901
0.0313266343008048,3.13265852325273e-06,"C1",0.125457722695732
0.0313266343008048,3.13265852325273e-06,"C2",0.0339341657336683
0.0536900569350142,5.36899128045221e-06,"C1",0.194318800298755
0.0536900569350142,5.36899128045221e-06,"C2",0.047295158491252
0.173081762345344,1.73080264489478e-05,"C1",0.576777169806625
0.173081762345344,1.73080264489478e-05,"C2",0.150400849225686
0.218779945613939,2.18777552397631e-05,"C1",0.648764279289302
0.218779945613939,2.18777552397631e-05,"C2",0.161291717405745
0.338719097551905,3.38713361085485e-05,"C1",1.16641324943556
0.338719097551905,3.38713361085485e-05,"C2",0.249651089981508
1.18164419602545,0.000118157438462441,"C1",3.30787346395384
1.18164419602545,0.000118157438462441,"C2",0.801680085015823
0.0771569187463868,7.71566210877594e-06,"C1",0.350238918284182
0.0771569187463868,7.71566210877594e-06,"C2",0.0807662356429212
0.00652344506369651,6.52344293583518e-07,"C1",0.0178476458386505
0.00652344506369651,6.52344293583518e-07,"C2",0.00475612076059223
0.0512147646049938,5.12146334574748e-06,"C1",0.226414595456968
0.0512147646049938,5.12146334574748e-06,"C2",0.0409981495472481
0.00537003138289401,5.37002994072111e-07,"C1",0.0157032930765577
0.00537003138289401,5.37002994072111e-07,"C2",0.00341528434870664
0.11750355093234,1.17502860580432e-05,"C1",0.390195222112507
0.11750355093234,1.17502860580432e-05,"C2",0.100103784485847
0.00498251146363124,4.98251022218454e-07,"C1",0.0181641942181978
0.00498251146363124,4.98251022218454e-07,"C2",0.00352594249989682
0.856658965027049,8.56622272845664e-05,"C1",3.74036296219335
0.856658965027049,8.56622272845664e-05,"C2",1.02618125905399
0.0670384027027377,6.7038177995471e-06,"C1",0.367167296084396
0.0670384027027377,6.7038177995471e-06,"C2",0.0817447517235149
0.18399668967895,1.83994996950654e-05,"C1",0.728643816181686
0.18399668967895,1.83994996950654e-05,"C2",0.192421309131399
0.286889410007836,2.86885294770167e-05,"C1",0.865090683264143
0.286889410007836,2.86885294770167e-05,"C2",0.190818497885684
1.04435961925061,0.000104430508679809,"C1",3.13366219106139
1.04435961925061,0.000104430508679809,"C2",0.638457761016548
0.0274056225182039,2.74055849647237e-06,"C1",0.127735991943149
0.0274056225182039,2.74055849647237e-06,"C2",0.0337056409539794
0.0738536738942316,7.38534011768266e-06,"C1",0.235663299697666
0.0738536738942316,7.38534011768266e-06,"C2",0.0642886278113649
0.0232495760791558,2.32495490515294e-06,"C1",0.0697475406319521
0.0232495760791558,2.32495490515294e-06,"C2",0.0168490083804984
0.218593301301427,2.18590912167693e-05,"C1",0.959125184566513
0.218593301301427,2.18590912167693e-05,"C2",0.251586940921758
66.5607234884099,0.00663396976527131,"C1",198.074461138889
66.5607234884099,0.00663396976527131,"C2",49.9761947280606
2.05485313619859,0.000205464202958749,"C1",10.4847248588643
2.05485313619859,0.000205464202958749,"C2",2.62518008760374
0.00379391297054751,3.79391225102665e-07,"C1",0.0124743692210509
0.00379391297054751,3.79391225102665e-07,"C2",0.00326583205440828
0.0400557306172551,4.00556503943328e-06,"C1",0.195487833696608
0.0400557306172551,4.00556503943328e-06,"C2",0.0528451370745014
2.6498660998329,0.000264951504132527,"C1",7.72910375201169
2.6498660998329,0.000264951504132527,"C2",1.71661507250811
0.250125111190555,2.50121983088603e-05,"C1",0.670521792571009
0.250125111190555,2.50121983088603e-05,"C2",0.179270656635896
49.8296290263597,0.00497056853842293,"C1",242.770596845794
49.8296290263597,0.00497056853842293,"C2",62.304445508218
78.6887808770746,0.00783799951285746,"C1",260.684130548626
78.6887808770746,0.00783799951285746,"C2",68.5695217248225
0.0901663912932349,9.01659847951652e-06,"C1",0.401242355276666
0.0901663912932349,9.01659847951652e-06,"C2",0.0747780396264714
3.08643854370332,0.000308596228755786,"C1",12.2954620022862
3.08643854370332,0.000308596228755786,"C2",2.6910124473196
0.00607373164266395,6.07372979799514e-07,"C1",0.0204153704127872
0.00607373164266395,6.07372979799514e-07,"C2",0.00549622522489916
0.00818420379555447,8.18420044623736e-07,"C1",0.0330073806952691
0.00818420379555447,8.18420044623736e-07,"C2",0.00761916136100401
0.0127810136688086,1.27810055006172e-06,"C1",0.0468346058237199
0.0127810136688086,1.27810055006172e-06,"C2",0.00986003047386754
0.170221928887515,1.70220480120165e-05,"C1",0.670177344486938
0.170221928887515,1.70220480120165e-05,"C2",0.159855287324307
0.0210455658384378,2.10455436921997e-06,"C1",0.0886456630048905
0.0210455658384378,2.10455436921997e-06,"C2",0.0156821158223816
0.308313982606275,3.08309229779535e-05,"C1",1.3733568834536
0.308313982606275,3.08309229779535e-05,"C2",0.273688867474458
0.0194836465981137,1.94836276179444e-06,"C1",0.0867920325486987
0.0194836465981137,1.94836276179444e-06,"C2",0.0219973644963243
0.0931213661409648,9.31209325627513e-06,"C1",0.422442593064175
0.0931213661409648,9.31209325627513e-06,"C2",0.107015026326662
4.01563241320572,0.000401482625593363,"C1",14.4938523316282
4.01563241320572,0.000401482625593363,"C2",3.69026564871167
0.115486947983707,1.15486281124788e-05,"C1",0.379638140251531
0.115486947983707,1.15486281124788e-05,"C2",0.0709618124729649
0.177910196281316,1.77908613688826e-05,"C1",0.503479745437525
0.177910196281316,1.77908613688826e-05,"C2",0.136535266302009
0.0354128981434835,3.54128354396188e-06,"C1",0.141723453751191
0.0354128981434835,3.54128354396188e-06,"C2",0.0381768613709881
1.52462527807117,0.00015245090598659,"C1",4.7788957678864
1.52462527807117,0.00015245090598659,"C2",1.19194708211669
0.025064461232456,2.50644298216418e-06,"C1",0.0715895119140703
0.025064461232456,2.50644298216418e-06,"C2",0.0195866179252326
0.0142600149821738,1.42600048147479e-06,"C1",0.0487065385905237
0.0142600149821738,1.42600048147479e-06,"C2",0.0132546111582188
0.00586880920530682,5.86880748332241e-07,"C1",0.0321278301234615
0.00586880920530682,5.86880748332241e-07,"C2",0.00829685308227972
0.04855949186708,4.85593739663059e-06,"C1",0.20336456439189
0.04855949186708,4.85593739663059e-06,"C2",0.0353250683873652
0.0264440556985954,2.6444020734262e-06,"C1",0.12517172195291
0.0264440556985954,2.6444020734262e-06,"C2",0.0299477287654978
0.196287939572424,1.96286013137703e-05,"C1",0.802230095456595
0.196287939572424,1.96286013137703e-05,"C2",0.21425057074364
0.219789846480136,2.19787431119389e-05,"C1",0.717224436136515
0.219789846480136,2.19787431119389e-05,"C2",0.193236707967843
0.0587680340565765,5.87678613728215e-06,"C1",0.181617685283097
0.0587680340565765,5.87678613728215e-06,"C2",0.0489580382164424
0.0609755235125234,6.09753376124011e-06,"C1",0.199394880036266
0.0609755235125234,6.09753376124011e-06,"C2",0.0546750463997223
0.0246817778287648,2.46817473692484e-06,"C1",0.0854620526296878
0.0246817778287648,2.46817473692484e-06,"C2",0.0180152291768298
0.00958855141817196,9.5885468209822e-07,"C1",0.0454345355504267
0.00958855141817196,9.5885468209822e-07,"C2",0.0120505283237818
7.37449578801992,0.000737177729690508,"C1",28.6661223495948
7.37449578801992,0.000737177729690508,"C2",6.53685275594601
1.64091832841553,0.000164078370513132,"C1",8.92627796639438
1.64091832841553,0.000164078370513132,"C2",2.02877548207897
0.0060701367712747,6.0701349291481e-07,"C1",0.0208119132763593
0.0060701367712747,6.0701349291481e-07,"C2",0.00512539788389844
1.11929492933538,0.000111923229061506,"C1",4.76167330001199
1.11929492933538,0.000111923229061506,"C2",1.27246961671602
0.017349747570985,1.73497325206551e-06,"C1",0.0632919771170849
0.017349747570985,1.73497325206551e-06,"C2",0.0125312681671773
0.0225499211015672,2.25498956762937e-06,"C1",0.111024578877364
0.0225499211015672,2.25498956762937e-06,"C2",0.02554978381167
6.54502054510959,0.000654287914762075,"C1",20.6116513844793
6.54502054510959,0.000654287914762075,"C2",5.5831742483571
0.00804762374951629,8.04762051109797e-07,"C1",0.0364041453827967
0.00804762374951629,8.04762051109797e-07,"C2",0.00972595227657405
0.0305221417619753,3.05220951823948e-06,"C1",0.101817793298438
0.0305221417619753,3.05220951823948e-06,"C2",0.0181603533324695
0.142145691420005,1.42144681154477e-05,"C1",0.543793044816797
0.142145691420005,1.42144681154477e-05,"C2",0.148581405048905
0.298232770402372,2.98228323307725e-05,"C1",1.10689589780818
0.298232770402372,2.98228323307725e-05,"C2",0.277427228858432
0.0725021461946462,7.25018833669377e-06,"C1",0.29139181256963
0.0725021461946462,7.25018833669377e-06,"C2",0.0794133808307122
0.0812774352068847,8.12771049063521e-06,"C1",0.262136343034022
0.0812774352068847,8.12771049063521e-06,"C2",0.0620263632921233
3.86416863410391,0.000386342214029778,"C1",13.7515544564938
3.86416863410391,0.000386342214029778,"C2",3.2326437907521
0.0600468876007383,6.00467073197386e-06,"C1",0.268129155975791
0.0600468876007383,6.00467073197386e-06,"C2",0.0521132154432552
0.0441961150288593,4.41960173647171e-06,"C1",0.147893928376022
0.0441961150288593,4.41960173647171e-06,"C2",0.0372964755037322
0.00231641069674611,2.31641042791608e-07,"C1",0.0108303823936973
0.00231641069674611,2.31641042791608e-07,"C2",0.00297502322960094
2.68060940500973,0.000268025015377149,"C1",10.696786459357
2.68060940500973,0.000268025015377149,"C2",2.64272713192365
0.1550675511911,1.55066348900279e-05,"C1",0.863674295314895
0.1550675511911,1.55066348900279e-05,"C2",0.165300525001658
0.0349594193864198,3.49593582782415e-06,"C1",0.135488051870251
0.0349594193864198,3.49593582782415e-06,"C2",0.0349104338527837
0.031849170410844,3.18491196926729e-06,"C1",0.0961741364259855
0.031849170410844,3.18491196926729e-06,"C2",0.0254867843780432
0.0545799552003371,5.45798062523417e-06,"C1",0.236715654749162
0.0545799552003371,5.45798062523417e-06,"C2",0.061700653823197
1.10730831734839,0.000110724701302578,"C1",4.67784620017128
1.10730831734839,0.000110724701302578,"C2",1.25955258772978
0.176623718863437,1.7662215907599e-05,"C1",0.712874877530831
0.176623718863437,1.7662215907599e-05,"C2",0.189090628383481
1.59209496928603,0.000159196823769192,"C1",4.60854722395617
1.59209496928603,0.000159196823769192,"C2",1.23506256230515
0.0148978394928667,1.4897828395366e-06,"C1",0.0735025188537528
0.0148978394928667,1.4897828395366e-06,"C2",0.0194083964432213
0.00406463287489548,4.06463204871699e-07,"C1",0.0229183303215859
0.00406463287489548,4.06463204871699e-07,"C2",0.00529331419903336
0.150021578682256,1.5002045336443e-05,"C1",0.773708380294864
0.150021578682256,1.5002045336443e-05,"C2",0.141477072913721
2.87802869659214,0.00028776145838616,"C1",10.7579628304551
2.87802869659214,0.00028776145838616,"C2",2.80839696686536
29.593976141015,0.00295502291353922,"C1",174.14198836355
29.593976141015,0.00295502291353922,"C2",37.787875595382
0.633862864103764,6.33842775421556e-05,"C1",2.82095475178509
0.633862864103764,6.33842775421556e-05,"C2",0.755102234730904
0.0579294672224468,5.79292994318248e-06,"C1",0.275597676203968
0.0579294672224468,5.79292994318248e-06,"C2",0.0708120491384806
3.88372132536517,0.000388296725842174,"C1",13.4970185087088
3.88372132536517,0.000388296725842174,"C2",3.54579034161084
0.0342922968218769,3.42922380236477e-06,"C1",0.107013995822927
0.0342922968218769,3.42922380236477e-06,"C2",0.0288848310614199
0.65454144480728,6.5452002404931e-05,"C1",3.31937398664924
0.65454144480728,6.5452002404931e-05,"C2",0.618338775600286
0.00435733271373643,4.35733176429309e-07,"C1",0.0199243083578095
0.00435733271373643,4.35733176429309e-07,"C2",0.00456911171659968
0.119670684679937,1.19669968628999e-05,"C1",0.505195729871236
0.119670684679937,1.19669968628999e-05,"C2",0.107139817018985
0.145949619155679,1.45948554096664e-05,"C1",0.490099468110514
0.145949619155679,1.45948554096664e-05,"C2",0.0938287768732177
0.768804247101333,7.68774694860364e-05,"C1",2.65950577095022
0.768804247101333,7.68774694860364e-05,"C2",0.600258163452862
0.0028168123182181,2.81681192149108e-07,"C1",0.015430567764452
0.0028168123182181,2.81681192149108e-07,"C2",0.00383265556704818
11.0660495795252,0.00110599289647695,"C1",59.2425653473909
11.0660495795252,0.00110599289647695,"C2",10.6583323530532
0.00989100662570765,9.891001734319e-07,"C1",0.0322016207612874
0.00989100662570765,9.891001734319e-07,"C2",0.00860320596050273
0.0499350594645639,4.99349347893308e-06,"C1",0.22164985199682
0.0499350594645639,4.99349347893308e-06,"C2",0.0588522169568016
2.47473585903261,0.000247442966841205,"C1",8.79086150634342
2.47473585903261,0.000247442966841205,"C2",2.1092513324832
0.13933046195371,1.39329491308793e-05,"C1",0.661848773882527
0.13933046195371,1.39329491308793e-05,"C2",0.158192139932786
0.0265600369105843,2.65600016391421e-06,"C1",0.0872142077849367
0.0265600369105843,2.65600016391421e-06,"C2",0.0234356277665139
0.00424320024826557,4.24319934855255e-07,"C1",0.013320107335734
0.00424320024826557,4.24319934855255e-07,"C2",0.00350077550342298
0.0307789280303115,3.07788806630516e-06,"C1",0.111808541094467
0.0307789280303115,3.07788806630516e-06,"C2",0.0295843375025913
0.543165043385252,5.43150292239281e-05,"C1",1.48062120156544
0.543165043385252,5.43150292239281e-05,"C2",0.402695231364172
0.235916073210495,2.35913290412837e-05,"C1",0.823053810503689
0.235916073210495,2.35913290412837e-05,"C2",0.196910821743469
1.06404599120244,0.000106398938351626,"C1",4.59024798585063
1.06404599120244,0.000106398938351626,"C2",0.817634152625637
0.00421072394983295,4.21072306355796e-07,"C1",0.013025155335133
0.00421072394983295,4.21072306355796e-07,"C2",0.00354446481662685
0.0265168830922102,2.65168479351985e-06,"C1",0.141838789131589
0.0265168830922102,2.65168479351985e-06,"C2",0.0334088621295216
2.84812337291646,0.000284771782108173,"C1",8.98471467397696
2.84812337291646,0.000284771782108173,"C2",2.3250774753005
0.213909913500941,2.1390762564466e-05,"C1",1.08888382961036
0.213909913500941,2.1390762564466e-05,"C2",0.27295250294103
1.07830486806505,0.000107824673308499,"C1",4.96356073023758
1.07830486806505,0.000107824673308499,"C2",1.28810607811074
0.0525618573719782,5.25617192348449e-06,"C1",0.229332272212121
0.0525618573719782,5.25617192348449e-06,"C2",0.0483376918392664
0.00907674392798415,9.07673980865553e-07,"C1",0.0394319208348504
0.00907674392798415,9.07673980865553e-07,"C2",0.00651054545360179
0.00895372095658948,8.95371694786817e-07,"C1",0.0361366224626362
0.00895372095658948,8.95371694786817e-07,"C2",0.00901922503935218
0.316699655647799,3.16694640767334e-05,"C1",1.02330172164838
0.316699655647799,3.16694640767334e-05,"C2",0.264729290415468
0.951099033688954,9.51053805654523e-05,"C1",4.39910875734117
0.951099033688954,9.51053805654523e-05,"C2",1.15996113599002
0.00644165752309969,6.44165544794184e-07,"C1",0.0316109401525019
0.00644165752309969,6.44165544794184e-07,"C2",0.00869714171841243
0.0255739862053549,2.55739535037769e-06,"C1",0.108165994627939
0.0255739862053549,2.55739535037769e-06,"C2",0.0293727992463942
15.5685831623659,0.0015556470410043,"C1",68.3834193672395
15.5685831623659,0.0015556470410043,"C2",17.4233120261027
0.0148259521222564,1.48259411314466e-06,"C1",0.0686293959899132
0.0148259521222564,1.48259411314466e-06,"C2",0.0186217800565544
0.00261493817459133,2.61493783293432e-07,"C1",0.0113450299655059
0.00261493817459133,2.61493783293432e-07,"C2",0.00263481697724632
0.500598595414622,5.00586065675934e-05,"C1",1.72292660146656
0.500598595414622,5.00586065675934e-05,"C2",0.38382481799652
0.105210802885184,1.0521024942145e-05,"C1",0.435658362927529
0.105210802885184,1.0521024942145e-05,"C2",0.116980674901478
0.0737656718399318,7.37653997717747e-06,"C1",0.257340958860004
0.0737656718399318,7.37653997717747e-06,"C2",0.0683534041208076
0.0119446158248536,1.1944608691028e-06,"C1",0.0388884078815253
0.0119446158248536,1.1944608691028e-06,"C2",0.00986877394941579
0.496429204603036,4.96416882709294e-05,"C1",2.7384850958005
0.496429204603036,4.96416882709294e-05,"C2",0.622842375227678
0.0872197201630281,8.72193398004928e-06,"C1",0.344152306414531
0.0872197201630281,8.72193398004928e-06,"C2",0.0826650723744686
0.19921400176958,1.99212017472084e-05,"C1",0.79704804318771
0.19921400176958,1.99212017472084e-05,"C2",0.191034815681392
0.137577720829306,1.37576774452697e-05,"C1",0.424595228037075
0.137577720829306,1.37576774452697e-05,"C2",0.113747832730178
1.6982492152131,0.000169810502085643,"C1",5.28776259753507
1.6982492152131,0.000169810502085643,"C2",1.18648426475898
0.0281159782686532,2.81159387427454e-06,"C1",0.0884113232112353
0.0281159782686532,2.81159387427454e-06,"C2",0.0191855014894905
0.186362600867207,1.86360864327106e-05,"C1",0.648264579063504
0.186362600867207,1.86360864327106e-05,"C2",0.178161789490733
0.362103928049178,3.62097372165193e-05,"C1",1.1287284183129
0.362103928049178,3.62097372165193e-05,"C2",0.188886241840895
0.0357657285096223,3.57656645499915e-06,"C1",0.151872512426575
0.0357657285096223,3.57656645499915e-06,"C2",0.0418781980409492
0.167078692263274,1.67077296506779e-05,"C1",0.79666695855263
0.167078692263274,1.67077296506779e-05,"C2",0.21199166101403
0.432270742750432,4.32261399985201e-05,"C1",1.22765730200974
0.432270742750432,4.32261399985201e-05,"C2",0.326018733168251
0.963995227183694,9.63948764336475e-05,"C1",4.25508802799239
0.963995227183694,9.63948764336475e-05,"C2",1.16657481198227
0.112330712273142,1.12330081366574e-05,"C1",0.352701627921852
0.112330712273142,1.12330081366574e-05,"C2",0.0940487867510969
0.0784788998061693,7.8478591860609e-06,"C1",0.409426927342454
0.0784788998061693,7.8478591860609e-06,"C2",0.102506149890483
0.0142907972690584,1.42907870581688e-06,"C1",0.0386104686495767
0.0142907972690584,1.42907870581688e-06,"C2",0.0104261791502172
0.0211740127632502,2.11739903466235e-06,"C1",0.0713035210307789
0.0211740127632502,2.11739903466235e-06,"C2",0.0196297384424792
0.0840945009999735,8.40941474067325e-06,"C1",0.352816906210736
0.0840945009999735,8.40941474067325e-06,"C2",0.0914100035402999
0.0226672044536358,2.26671787639798e-06,"C1",0.0833230754930708
0.0226672044536358,2.26671787639798e-06,"C2",0.0227451750666853
2.6326259685377,0.000263227946297073,"C1",11.3110740599124
2.6326259685377,0.000263227946297073,"C2",3.10771685148642
2.41969424707443,0.000241940152467257,"C1",8.2355289206003
2.41969424707443,0.000241940152467257,"C2",2.23663512049057
0.0612453020426662,6.12451144932358e-06,"C1",0.214486702101242
0.0612453020426662,6.12451144932358e-06,"C2",0.0459757153390713
5.40133726204262,0.00053998788024312,"C1",29.3138802373905
5.40133726204262,0.00053998788024312,"C2",5.99963781432758
0.0316782134892682,3.16781633136198e-06,"C1",0.137816762033108
0.0316782134892682,3.16781633136198e-06,"C2",0.0262599045161878
0.0315588445447271,3.15587947463669e-06,"C1",0.124348329278753
0.0315588445447271,3.15587947463669e-06,"C2",0.0302758170623911
2.36473781664439,0.000236445823943554,"C1",11.7059951312509
2.36473781664439,0.000236445823943554,"C2",2.98637913649255
0.0296954545517911,2.96954104606062e-06,"C1",0.150402862418276
0.0296954545517911,2.96954104606062e-06,"C2",0.0399664589321777
0.0297002891158942,2.97002450100337e-06,"C1",0.109478617345193
0.0297002891158942,2.97002450100337e-06,"C2",0.0288144099864572
2.10841768909667,0.000210819543346008,"C1",6.96238658974168
2.10841768909667,0.000210819543346008,"C2",1.68737335320897
2.09183019010993,0.000209161141768721,"C1",6.03392341513975
2.09183019010993,0.000209161141768721,"C2",1.38648817169328
0.0369152527733909,3.69151846368876e-06,"C1",0.148652076263661
0.0369152527733909,3.69151846368876e-06,"C2",0.0267393880537943
0.0425271390529982,4.25270486248408e-06,"C1",0.198767653403827
0.0425271390529982,4.25270486248408e-06,"C2",0.050171432333166
0.0107407985355623,1.07407927674164e-06,"C1",0.0498525701405682
0.0107407985355623,1.07407927674164e-06,"C2",0.0136902094966567
0.224324233992659,2.24321717943177e-05,"C1",0.892355166617685
0.224324233992659,2.24321717943177e-05,"C2",0.244903192504178
0.0227660842468875,2.27660583318468e-06,"C1",0.114258304849447
0.0227660842468875,2.27660583318468e-06,"C2",0.0210145056445812
0.00436062229548474,4.36062134512305e-07,"C1",0.0200388228049154
0.00436062229548474,4.36062134512305e-07,"C2",0.00542957268681932
0.0037540702900651,3.75406958519342e-07,"C1",0.0118292252725052
0.0037540702900651,3.75406958519342e-07,"C2",0.00209903133727111
0.0214992274788401,2.14992043678919e-06,"C1",0.0876743823846261
0.0214992274788401,2.14992043678919e-06,"C2",0.0237936313805972
0.069647197051947,6.9646954515834e-06,"C1",0.209490336872557
0.069647197051947,6.9646954515834e-06,"C2",0.0570565402066587
1.44389962617946,0.000144379538889017,"C1",4.49136763570098
1.44389962617946,0.000144379538889017,"C2",1.23059521764954
0.186805630204946,1.86803885399156e-05,"C1",0.746550077684374
0.186805630204946,1.86803885399156e-05,"C2",0.199671531192455
0.137731763782342,1.37730815285009e-05,"C1",0.413916874548515
0.137731763782342,1.37730815285009e-05,"C2",0.0922462425968253
0.00508019149148001,5.08019020073469e-07,"C1",0.0209302898027428
0.00508019149148001,5.08019020073469e-07,"C2",0.00534110247971817
0.0373775906205279,3.73775207662685e-06,"C1",0.108234056933833
0.0373775906205279,3.73775207662685e-06,"C2",0.0241332093766634
41.4400754722049,0.00413543299636843,"C1",159.998745577983
41.4400754722049,0.00413543299636843,"C2",39.8569691475186
0.0209423810918671,2.09423591623903e-06,"C1",0.0662194414822872
0.0209423810918671,2.09423591623903e-06,"C2",0.0149024251675281
0.0335330892795481,3.35330330558659e-06,"C1",0.0909521927489974
0.0335330892795481,3.35330330558659e-06,"C2",0.0236115728693706
6.62951143829212,0.00066273144027329,"C1",29.2710168899451
6.62951143829212,0.00066273144027329,"C2",6.64118051160039
2.8352038896423,0.000283480200856889,"C1",14.3060641734477
2.8352038896423,0.000283480200856889,"C2",3.83088276254445
0.0643463067810938,6.43460997595824e-06,"C1",0.227570394077407
0.0643463067810938,6.43460997595824e-06,"C2",0.0547152269747333
0.0571588469843266,5.71586836284332e-06,"C1",0.279063969104268
0.0571588469843266,5.71586836284332e-06,"C2",0.0695348940536809
0.70687258655612,7.06847603701988e-05,"C1",2.49002086572908
0.70687258655612,7.06847603701988e-05,"C2",0.434412853895926
0.0169811992709261,1.69811848527157e-06,"C1",0.0696868896361925
0.0169811992709261,1.69811848527157e-06,"C2",0.0131896682590805
0.0417289024992535,4.17288154341833e-06,"C1",0.151107838996822
0.0417289024992535,4.17288154341833e-06,"C2",0.038836102148905
4.33456830157692,0.000433362901317791,"C1",12.1995336430283
4.33456830157692,0.000433362901317791,"C2",3.36661644587782
0.027770573333196,2.77705347728752e-06,"C1",0.146353388271602
0.027770573333196,2.77705347728752e-06,"C2",0.0367877831713742
0.0123738152058975,1.2373807550814e-06,"C1",0.0579672773385426
0.0123738152058975,1.2373807550814e-06,"C2",0.0152746722967606
1.18323747333515,0.000118316747354963,"C1",3.78688557918578
1.18323747333515,0.000118316747354963,"C2",1.01812651639653
0.852672418498538,8.5263606701913e-05,"C1",4.34642636769197
0.852672418498538,8.5263606701913e-05,"C2",1.11047409056654
0.0454198834692969,4.54197803212431e-06,"C1",0.127613230179335
0.0454198834692969,4.54197803212431e-06,"C2",0.0339837120793349
0.256427702179257,2.5642441444873e-05,"C1",0.82187368617477
0.256427702179257,2.5642441444873e-05,"C2",0.192896107116401
0.0959184951753407,9.59180351589595e-06,"C1",0.368149316868047
0.0959184951753407,9.59180351589595e-06,"C2",0.0950921549336904
0.0532269918882185,5.32268502329014e-06,"C1",0.186093807433224
0.0532269918882185,5.32268502329014e-06,"C2",0.035574523119035
0.0872373048294081,8.72369243132276e-06,"C1",0.263391926843206
0.0872373048294081,8.72369243132276e-06,"C2",0.0715924589572258
2.81748241271063,0.000281708553962701,"C1",9.41191524614929
2.81748241271063,0.000281708553962701,"C2",1.89457711719871
0.0564751299717961,5.64749705000978e-06,"C1",0.173750778320049
0.0564751299717961,5.64749705000978e-06,"C2",0.043550505407493
4.33507941587071,0.000433413990596043,"C1",22.6765985018156
4.33507941587071,0.000433413990596043,"C2",3.85763903835522
21.6045520935272,0.00215812310576768,"C1",66.5498387268815
21.6045520935272,0.00215812310576768,"C2",15.0626756613248
0.156265320139148,1.56264099202552e-05,"C1",0.552492158700592
0.156265320139148,1.56264099202552e-05,"C2",0.135481689281445
1.67547204703171,0.00016753316945417,"C1",7.08452925943712
1.67547204703171,0.00016753316945417,"C2",1.90149896425222
0.0452158860220574,4.52157837982359e-06,"C1",0.131122222291767
0.0452158860220574,4.52157837982359e-06,"C2",0.0335243053796913
0.0268973958584261,2.68973596850852e-06,"C1",0.0879363792522379
0.0268973958584261,2.68973596850852e-06,"C2",0.0223781137845255
7.0550998461935,0.000705261170967142,"C1",33.4593889725629
7.0550998461935,0.000705261170967142,"C2",7.472305012823
0.0615688283133875,6.15686387772651e-06,"C1",0.233621434249436
0.0615688283133875,6.15686387772651e-06,"C2",0.0432513004798605
7.98204970392986,0.000797886489548927,"C1",22.993498942655
7.98204970392986,0.000797886489548927,"C2",5.91320149692276
0.0591072428781523,5.9107068195452e-06,"C1",0.226679349796227
0.0591072428781523,5.9107068195452e-06,"C2",0.0617691521145539
0.118347879633534,1.18347179325351e-05,"C1",0.541522159657034
0.118347879633534,1.18347179325351e-05,"C2",0.146837706053954
0.19566341857986,1.95661504384104e-05,"C1",0.862259005893275
0.19566341857986,1.95661504384104e-05,"C2",0.169611942760756
0.749120790723697,7.49092732326151e-05,"C1",2.25769789673676
0.749120790723697,7.49092732326151e-05,"C2",0.610040836349804
0.210127834363202,2.1012562669287e-05,"C1",1.07544142124402
0.210127834363202,2.1012562669287e-05,"C2",0.282825491820756
0.0173232169054352,1.73232019007319e-06,"C1",0.0822047885101312
0.0173232169054352,1.73232019007319e-06,"C2",0.0215970875251662
436.949028729864,0.04275403408064,"C1",1170.06762185782
436.949028729864,0.04275403408064,"C2",321.860688803117
4.50454478174195,0.000450353038787599,"C1",12.1206617287473
4.50454478174195,0.000450353038787599,"C2",3.25984830809289
0.0192072840952815,1.92072656490794e-06,"C1",0.0686416520814007
0.0192072840952815,1.92072656490794e-06,"C2",0.0159511329555166
0.00600108994057337,6.00108813975098e-07,"C1",0.0209538920845582
0.00600108994057337,6.00108813975098e-07,"C2",0.00518172687983638
0.00496943599647671,4.96943476147038e-07,"C1",0.0221548846459239
0.00496943599647671,4.96943476147038e-07,"C2",0.00592442297932978
0.00826158773587612,8.26158432332136e-07,"C1",0.026112552998688
0.00826158773587612,8.26158432332136e-07,"C2",0.00528384057715811
0.656873975046044,6.56852401347274e-05,"C1",1.91446410344522
0.656873975046044,6.56852401347274e-05,"C2",0.42423936071209
0.247975596163968,2.47972521594253e-05,"C1",1.33290879186717
0.247975596163968,2.47972521594253e-05,"C2",0.366974480242927
0.415032120469343,4.15023508005818e-05,"C1",2.16258685429409
0.415032120469343,4.15023508005818e-05,"C2",0.559969195323099
0.0450066974565876,4.50065961765667e-06,"C1",0.131234407135091
0.0450066974565876,4.50065961765667e-06,"C2",0.0325238582381332
4.83700835116992,0.000483583870727444,"C1",14.0835397424237
4.83700835116992,0.000483583870727444,"C2",3.83055632747365
0.172599560983064,1.72598071461749e-05,"C1",0.51836142186598
0.172599560983064,1.72598071461749e-05,"C2",0.136304565752437
0.00694880188846453,6.94879947471527e-07,"C1",0.0288171932799446
0.00694880188846453,6.94879947471527e-07,"C2",0.00526909488238992
0.00368610138340614,3.68610070355935e-07,"C1",0.0183921249665758
0.00368610138340614,3.68610070355935e-07,"C2",0.00341382581553484
28.2907064916241,0.0028250725999367,"C1",91.1375319956098
28.2907064916241,0.0028250725999367,"C2",22.3383063076134
0.0211704530310849,2.11704306218863e-06,"C1",0.0806237860903818
0.0211704530310849,2.11704306218863e-06,"C2",0.0147986105208677
1.08226526516176,0.000108220670236969,"C1",4.56466989638256
1.08226526516176,0.000108220670236969,"C2",1.21988997831002
0.108329803266303,1.08329216501613e-05,"C1",0.334300646125063
0.108329803266303,1.08329216501613e-05,"C2",0.0906571806066514
0.307361322031434,3.07356598531205e-05,"C1",1.16463466558326
0.307361322031434,3.07356598531205e-05,"C2",0.314677802083105
1.05414906395016,0.000105409350439012,"C1",2.92198601441666
1.05414906395016,0.000105409350439012,"C2",0.689073934978063
0.216886249446474,2.16883897481424e-05,"C1",0.616606949208019
0.216886249446474,2.16883897481424e-05,"C2",0.160963386141104
0.0211786006869011,2.1178578260006e-06,"C1",0.0612952737388577
0.0211786006869011,2.1178578260006e-06,"C2",0.0137734301272951
0.0250622767131605,2.50622453068505e-06,"C1",0.0757479408631203
0.0250622767131605,2.50622453068505e-06,"C2",0.0160310160295314
0.166789912955869,1.66788522020234e-05,"C1",0.622941258925695
0.166789912955869,1.66788522020234e-05,"C2",0.164484209981889
0.0746317483982294,7.46314699040518e-06,"C1",0.382316636539049
0.0746317483982294,7.46314699040518e-06,"C2",0.101774389362983
0.026980913540421,2.69808771424795e-06,"C1",0.10367758047776
0.026980913540421,2.69808771424795e-06,"C2",0.0257421330447245
2.19458889924727,0.000219434810584063,"C1",6.00041683541199
2.19458889924727,0.000219434810584063,"C2",1.65356836682837
0.618429500116489,6.18410377758449e-05,"C1",3.5985397423029
0.618429500116489,6.18410377758449e-05,"C2",0.954009255492399
0.00406779604775321,4.06779522066358e-07,"C1",0.0125120189412296
0.00406779604775321,4.06779522066358e-07,"C2",0.00337516977764147
0.0229273683585896,2.29273420748743e-06,"C1",0.123994532194757
0.0229273683585896,2.29273420748743e-06,"C2",0.0298959723387812
5.69609930437173,0.00056944773349854,"C1",27.0233170441349
5.69609930437173,0.00056944773349854,"C2",6.13714548164989
0.0669350601283706,6.69348361137523e-06,"C1",0.291917081923957
0.0669350601283706,6.69348361137523e-06,"C2",0.0648167584186668
0.176010286750001,1.76008737777789e-05,"C1",0.645287042134955
0.176010286750001,1.76008737777789e-05,"C2",0.138821690012429
0.0335890767175029,3.35890203062572e-06,"C1",0.21103229370037
0.0335890767175029,3.35890203062572e-06,"C2",0.0381416602398554
0.00929392913906425,9.29392481974212e-07,"C1",0.0324610009807402
0.00929392913906425,9.29392481974212e-07,"C2",0.00798168170622866
1.15848133400227,0.000115841423264373,"C1",4.86813795624126
1.15848133400227,0.000115841423264373,"C2",0.827704211874916
0.0173997401812099,1.73997250441094e-06,"C1",0.0547853272960689
0.0173997401812099,1.73997250441094e-06,"C2",0.0132475796231884
0.201968313722919,2.01966274177012e-05,"C1",0.711066239888075
0.201968313722919,2.01966274177012e-05,"C2",0.196168846446556
1.39016478218821,0.000139006815875975,"C1",7.05472757184713
1.39016478218821,0.000139006815875975,"C2",1.7948790203519
0.00884156293029733,8.84155902158845e-07,"C1",0.044360505265933
0.00884156293029733,8.84155902158845e-07,"C2",0.0108497839955976
0.00446294528762085,4.4629442919053e-07,"C1",0.0129370353033446
0.00446294528762085,4.4629442919053e-07,"C2",0.00346951465203873
0.641227448018881,6.41206889826496e-05,"C1",2.86229356248118
0.641227448018881,6.41206889826496e-05,"C2",0.679953021598001
0.155678246602261,1.55677034823221e-05,"C1",0.607119964800543
0.155678246602261,1.55677034823221e-05,"C2",0.158477422061253
0.286961618326937,2.86957501017815e-05,"C1",0.876250161277716
0.286961618326937,2.86957501017815e-05,"C2",0.236732492857075
2.10298929440399,0.000210276818170541,"C1",7.53598007439679
2.10298929440399,0.000210276818170541,"C2",2.07805800758494
0.288219535177368,2.88215381691881e-05,"C1",1.56143476368743
0.288219535177368,2.88215381691881e-05,"C2",0.412560535703832
0.0598216194454769,5.98214405145292e-06,"C1",0.178694982207089
0.0598216194454769,5.98214405145292e-06,"C2",0.0424895689770746
0.932802399226896,9.32758894564012e-05,"C1",2.71972359744079
0.932802399226896,9.32758894564012e-05,"C2",0.729515317404299
2.53477585316909,0.000253445462587987,"C1",7.67300002431785
2.53477585316909,0.000253445462587987,"C2",1.96701822510231
0.378745729257837,3.78738556932046e-05,"C1",1.04994580125503
0.378745729257837,3.78738556932046e-05,"C2",0.252740001470192
3.75779581889904,0.000375708985586032,"C1",10.0011939620088
3.75779581889904,0.000375708985586032,"C2",2.69290410964893
1.49266352871483,0.000149255213203747,"C1",4.35239636264144
1.49266352871483,0.000149255213203747,"C2",1.15461884562669
1.43011493752117,0.000143001268095966,"C1",4.16158368312471
1.43011493752117,0.000143001268095966,"C2",1.05083875970642
0.638820648626787,6.38800244470161e-05,"C1",2.68191828415658
0.638820648626787,6.38800244470161e-05,"C2",0.434596950307126
0.208060536459786,2.08058372015429e-05,"C1",0.646034672709409
0.208060536459786,2.08058372015429e-05,"C2",0.17660976782291
0.0908000884771781,9.07996762455898e-06,"C1",0.290046543830249
0.0908000884771781,9.07996762455898e-06,"C2",0.0753656886949895
0.889305159000175,8.89265616988988e-05,"C1",2.59948340487604
0.889305159000175,8.89265616988988e-05,"C2",0.710177300901888
0.0138597063512193,1.38596967469429e-06,"C1",0.0459750766669867
0.0138597063512193,1.38596967469429e-06,"C2",0.0125253846868495
0.30932228094856,3.09317496983708e-05,"C1",1.32098342169264
0.30932228094856,3.09317496983708e-05,"C2",0.358328300012305
0.0132549308175008,1.32549220333011e-06,"C1",0.0438486021092302
0.0132549308175008,1.32549220333011e-06,"C2",0.00945488133610393
35.3193715378907,0.00352570720051937,"C1",132.532780166978
35.3193715378907,0.00352570720051937,"C2",35.8020548657982
0.00693516519548109,6.93516279071105e-07,"C1",0.0239546906103275
0.00693516519548109,6.93516279071105e-07,"C2",0.00619977502351525
0.489815885410414,4.89803889626161e-05,"C1",1.69287431109566
0.489815885410414,4.89803889626161e-05,"C2",0.465349230405438
0.0716132099142988,7.16129534927834e-06,"C1",0.195533186086148
0.0716132099142988,7.16129534927834e-06,"C2",0.0519475897549447
3.25059392262827,0.000325006566182617,"C1",12.1487762440542
3.25059392262827,0.000325006566182617,"C2",3.19980498897695
1.12866835491225,0.000112860466269571,"C1",4.11941512649722
1.12866835491225,0.000112860466269571,"C2",0.795142398279824
0.0168369476725519,1.68369334985208e-06,"C1",0.0537241354473389
0.0168369476725519,1.68369334985208e-06,"C2",0.0102810197404129
0.0120909077692514,1.20909004597269e-06,"C1",0.0366043249366398
0.0120909077692514,1.20909004597269e-06,"C2",0.00967009344646362
8.71495182841003,0.000871115541207446,"C1",31.5671057810392
8.71495182841003,0.000871115541207446,"C2",8.67742822964602
0.0187189851799674,1.87189676603694e-06,"C1",0.0581211594921019
0.0187189851799674,1.87189676603694e-06,"C2",0.0160164854952438
0.0038622208866205,3.86222014037152e-07,"C1",0.0115581851822171
0.0038622208866205,3.86222014037152e-07,"C2",0.00292162347851605
0.172280754867968,1.72279270843623e-05,"C1",0.574162823203945
0.172280754867968,1.72279270843623e-05,"C2",0.154305945690487
0.00260760667749961,2.60760633752355e-07,"C1",0.0139427682666713
0.00260760667749961,2.60760633752355e-07,"C2",0.00376291560520964
0.592235527748794,5.92217990948996e-05,"C1",2.93273803056971
0.592235527748794,5.92217990948996e-05,"C2",0.798746014703655
0.0152221511742697,1.52221395888219e-06,"C1",0.0697854644739504
0.0152221511742697,1.52221395888219e-06,"C2",0.0148133758300896
1.52666403439185,0.000152654750516845,"C1",7.3576579851374
1.52666403439185,0.000152654750516845,"C2",1.1834074870755
1.00749471314721,0.00010074439625718,"C1",4.09182929919447
1.00749471314721,0.00010074439625718,"C2",1.12154751116898
0.199284860969702,1.99282875260609e-05,"C1",0.53407967466765
0.199284860969702,1.99282875260609e-05,"C2",0.143826483997782
0.0159689426729966,1.59689299228383e-06,"C1",0.0610294260143311
0.0159689426729966,1.59689299228383e-06,"C2",0.015299660432078
13.5059759581535,0.00134968594935114,"C1",65.1951431181663
13.5059759581535,0.00134968594935114,"C2",13.0822219093359
0.0162397706890776,1.62397575020901e-06,"C1",0.051589403590543
0.0162397706890776,1.62397575020901e-06,"C2",0.0136982912665939
0.296167658483908,2.96163272762717e-05,"C1",1.22786473156692
0.296167658483908,2.96163272762717e-05,"C2",0.327910915616242
0.0270650960244259,2.70650593980903e-06,"C1",0.147561740037692
0.0270650960244259,2.70650593980903e-06,"C2",0.0366751288071529
7.70935020467379,0.000770637926416073,"C1",36.4959192087793
7.70935020467379,0.000770637926416073,"C2",7.81809682155463
0.0175570490471015,1.75570336347075e-06,"C1",0.0800331530416299
0.0175570490471015,1.75570336347075e-06,"C2",0.0210241346149578
2.46544539624382,0.000246514150016863,"C1",12.4314932514525
2.46544539624382,0.000246514150016863,"C2",2.55568194486506
0.271282420469596,2.71278740795466e-05,"C1",1.38855731059523
0.271282420469596,2.71278740795466e-05,"C2",0.374703275837993
0.113268056081722,1.13267414602047e-05,"C1",0.36895261688397
0.113268056081722,1.13267414602047e-05,"C2",0.099683674639433
0.0661393907093362,6.61391719891657e-06,"C1",0.224002477354564
0.0661393907093362,6.61391719891657e-06,"C2",0.0605224156945227
0.0118948157357711,1.18948086613724e-06,"C1",0.0343600485409572
0.0118948157357711,1.18948086613724e-06,"C2",0.00901179877640544
1.41821279259825,0.000141811223097643,"C1",4.69267924139768
1.41821279259825,0.000141811223097643,"C2",1.29048119385837
0.663552067087878,6.63530052507078e-05,"C1",3.3006709903925
0.663552067087878,6.63530052507078e-05,"C2",0.621278595588409
3.12210781019132,0.000312162048304976,"C1",13.0776994314189
3.12210781019132,0.000312162048304976,"C2",3.34799977372487
0.0120575839750302,1.20575767059705e-06,"C1",0.0412021025491234
0.0120575839750302,1.20575767059705e-06,"C2",0.00852330453881789
1.05251864103228,0.000105246325320052,"C1",4.31390990009673
1.05251864103228,0.000105246325320052,"C2",0.906242799240885
7.43610922115715,0.000743334512032012,"C1",36.6247319542708
7.43610922115715,0.000743334512032012,"C2",9.13783699151035
0.330580485147143,3.30575021034729e-05,"C1",1.65263026581364
0.330580485147143,3.30575021034729e-05,"C2",0.359158351070074
0.0448324762892903,4.48323757917812e-06,"C1",0.169231777106027
0.0448324762892903,4.48323757917812e-06,"C2",0.0463419535523152
0.205896091073292,2.05893971427784e-05,"C1",0.944107096346719
0.205896091073292,2.05893971427784e-05,"C2",0.245860235562121
